2026-09-26 02:00:14.999,scheduled,362814,smoke,1790362819973,1790362814999,-4974,ringSec=8
2026-09-26 02:00:19.996,fired,362814,smoke,1790362819973,1790362819996,23,screen=on idle=false saver=false dozeExempt=false dnd=off ringer=silent alarmVol=12/15 exact=true fsi=false notif=false
2026-09-26 02:00:21.108,ring_start,362814,smoke,1790362819973,1790362821108,1135,
2026-09-26 02:00:29.111,ring_stop,362814,smoke,1790362819973,1790362829111,9138,timeout
2026-09-26 02:04:44.413,scheduled,363084,probe,1790363684405,1790363084413,-599992,ringSec=5
2026-09-26 02:06:04.658,cancel_all,,,,1790363164658,,
2026-09-26 02:06:05.199,scheduled,363165,screen_off,1790363285192,1790363165199,-119993,ringSec=20
2026-09-26 02:08:05.229,fired,363165,screen_off,1790363285192,1790363285229,37,screen=on idle=false saver=false dozeExempt=false dnd=off ringer=silent alarmVol=12/15 exact=true fsi=false notif=true
2026-09-26 02:08:06.368,ring_start,363165,screen_off,1790363285192,1790363286368,1176,
2026-09-26 02:08:26.387,ring_stop,363165,screen_off,1790363285192,1790363306387,21195,timeout
2026-09-26 02:09:14.271,scheduled,363354,screen_off2,1790363504256,1790363354271,-149985,ringSec=20
2026-09-26 02:11:44.277,fired,363354,screen_off2,1790363504256,1790363504277,21,screen=on idle=false saver=false dozeExempt=false dnd=off ringer=silent alarmVol=12/15 exact=true fsi=true notif=true
2026-09-26 02:11:45.124,ring_start,363354,screen_off2,1790363504256,1790363505124,868,
2026-09-26 02:12:05.147,ring_stop,363354,screen_off2,1790363504256,1790363525147,20891,timeout
2026-09-26 02:12:27.601,scheduled,363547,dnd_priority,1790363592586,1790363547601,-44985,ringSec=15
2026-09-26 02:13:12.630,fired,363547,dnd_priority,1790363592586,1790363592630,44,screen=off idle=false saver=false dozeExempt=false dnd=priority ringer=silent alarmVol=12/15 exact=true fsi=true notif=true
2026-09-26 02:13:13.468,ring_start,363547,dnd_priority,1790363592586,1790363593468,882,
2026-09-26 02:13:13.751,screen_shown,,,,1790363593751,,label=dnd_priority locked=true
2026-09-26 02:13:28.471,ring_stop,363547,dnd_priority,1790363592586,1790363608471,15885,timeout
2026-09-26 02:13:32.304,scheduled,363612,dnd_none,1790363657294,1790363612304,-44990,ringSec=15
2026-09-26 02:14:17.329,fired,363612,dnd_none,1790363657294,1790363657329,35,screen=off idle=false saver=false dozeExempt=false dnd=none ringer=silent alarmVol=0/15 exact=true fsi=true notif=true
2026-09-26 02:14:18.194,ring_start,363612,dnd_none,1790363657294,1790363658194,900,
2026-09-26 02:14:33.206,ring_stop,363612,dnd_none,1790363657294,1790363673206,15912,timeout
2026-09-26 02:14:37.197,scheduled,363677,saver,1790363722183,1790363677197,-44986,ringSec=15
2026-09-26 02:15:22.215,fired,363677,saver,1790363722183,1790363722215,32,screen=off idle=false saver=false dozeExempt=false dnd=off ringer=silent alarmVol=12/15 exact=true fsi=true notif=true
2026-09-26 02:15:23.046,ring_start,363677,saver,1790363722183,1790363723046,863,
2026-09-26 02:15:23.304,screen_shown,,,,1790363723304,,label=saver locked=true
2026-09-26 02:15:38.051,ring_stop,363677,saver,1790363722183,1790363738051,15868,timeout
2026-09-26 02:16:05.889,scheduled,363765,doze,1790363885878,1790363765889,-119989,ringSec=15
2026-09-26 02:18:05.922,fired,363765,doze,1790363885878,1790363885922,44,screen=off idle=false saver=false dozeExempt=false dnd=off ringer=silent alarmVol=12/15 exact=true fsi=true notif=true
2026-09-26 02:18:06.756,ring_start,363765,doze,1790363885878,1790363886756,878,
2026-09-26 02:18:06.931,screen_shown,,,,1790363886931,,label=doze locked=true
2026-09-26 02:18:21.761,ring_stop,363765,doze,1790363885878,1790363901761,15883,timeout
2026-09-26 02:18:56.848,scheduled,363936,doze_deep,1790364026835,1790363936848,-89987,ringSec=15
2026-09-26 02:20:26.873,fired,363936,doze_deep,1790364026835,1790364026873,38,screen=off idle=false saver=false dozeExempt=false dnd=off ringer=silent alarmVol=12/15 exact=true fsi=true notif=true
2026-09-26 02:20:27.730,ring_start,363936,doze_deep,1790364026835,1790364027730,895,
2026-09-26 02:20:27.863,screen_shown,,,,1790364027863,,label=doze_deep locked=true
2026-09-26 02:20:42.740,ring_stop,363936,doze_deep,1790364026835,1790364042740,15905,timeout
2026-09-26 02:20:55.213,scheduled,364055,doze_deep2,1790364235204,1790364055213,-179991,ringSec=15
2026-09-26 02:23:55.233,fired,364055,doze_deep2,1790364235204,1790364235233,29,screen=off idle=false saver=false dozeExempt=false dnd=off ringer=silent alarmVol=12/15 exact=true fsi=true notif=true
2026-09-26 02:23:56.075,ring_start,364055,doze_deep2,1790364235204,1790364236075,871,
2026-09-26 02:23:56.285,screen_shown,,,,1790364236285,,label=doze_deep2 locked=true
2026-09-26 02:24:11.081,ring_stop,364055,doze_deep2,1790364235204,1790364251081,15877,timeout
2026-09-26 02:36:41.200,scheduled,365001,doze3,1790365151178,1790365001200,-149978,ringSec=15
2026-09-26 02:39:11.194,fired,365001,doze3,1790365151178,1790365151194,16,screen=off idle=false saver=false dozeExempt=false dnd=off ringer=silent alarmVol=12/15 exact=true fsi=true notif=true
2026-09-26 02:39:12.137,ring_start,365001,doze3,1790365151178,1790365152137,959,
2026-09-26 02:39:12.350,screen_shown,,,,1790365152350,,label=doze3 locked=true
2026-09-26 02:39:27.149,ring_stop,365001,doze3,1790365151178,1790365167149,15971,timeout
2026-09-26 02:39:52.789,scheduled,365192,doze4,1790365342774,1790365192789,-149985,ringSec=15
2026-09-26 02:42:22.803,fired,365192,doze4,1790365342774,1790365342803,29,screen=off idle=false saver=false dozeExempt=false dnd=off ringer=silent alarmVol=12/15 exact=true fsi=true notif=true
2026-09-26 02:42:23.677,ring_start,365192,doze4,1790365342774,1790365343677,903,
2026-09-26 02:42:23.924,screen_shown,,,,1790365343924,,label=doze4 locked=true
2026-09-26 02:42:38.681,ring_stop,365192,doze4,1790365342774,1790365358681,15907,timeout
2026-09-26 02:43:07.587,scheduled,365387,doze_13m,1790366167574,1790365387587,-779987,ringSec=15
2026-09-26 02:56:07.611,fired,365387,doze_13m,1790366167574,1790366167611,37,screen=off idle=false saver=false dozeExempt=false dnd=off ringer=silent alarmVol=12/15 exact=true fsi=true notif=true
2026-09-26 02:56:07.768,ring_start,365387,doze_13m,1790366167574,1790366167768,194,
2026-09-26 02:56:07.959,screen_shown,,,,1790366167959,,label=doze_13m locked=true
2026-09-26 02:56:22.774,ring_stop,365387,doze_13m,1790366167574,1790366182774,15200,timeout
2026-09-26 02:57:05.235,scheduled,366225,swipe,1790366405210,1790366225235,-179975,ringSec=20
2026-09-26 03:00:06.060,fired,366225,swipe,1790366405210,1790366406060,850,screen=off idle=false saver=false dozeExempt=false dnd=off ringer=silent alarmVol=12/15 exact=true fsi=true notif=true
2026-09-26 03:00:06.957,ring_start,366225,swipe,1790366405210,1790366406957,1747,
2026-09-26 03:00:07.199,screen_shown,,,,1790366407199,,label=swipe locked=true
2026-09-26 03:00:21.455,scheduled,366421,reboot_autostart_off,1790366661450,1790366421455,-239995,ringSec=20
2026-09-26 03:01:50.005,restore,,,,1790366510005,,LOCKED_BOOT_COMPLETED pending=1
2026-09-26 03:01:50.033,scheduled,366421,reboot_autostart_off,1790366661450,1790366510033,-151417,ringSec=20
2026-09-26 03:04:22.000,fired,366421,reboot_autostart_off,1790366661450,1790366662000,550,screen=off idle=false saver=false dozeExempt=false dnd=off ringer=silent alarmVol=12/15 exact=true fsi=true notif=true
2026-09-26 03:04:22.199,ring_start,366421,reboot_autostart_off,1790366661450,1790366662199,749,
2026-09-26 03:04:22.459,screen_shown,,,,1790366662459,,label=reboot_autostart_off locked=true
2026-09-26 03:04:42.208,ring_stop,366421,reboot_autostart_off,1790366661450,1790366682208,20758,timeout
2026-09-26 03:06:43.353,restore,,,,1790366803353,,BOOT_COMPLETED pending=0
2026-09-26 03:08:18.588,scheduled,366898,saver_on,1790366958581,1790366898588,-59993,ringSec=15
2026-09-26 03:09:18.625,fired,366898,saver_on,1790366958581,1790366958625,44,screen=off idle=false saver=true dozeExempt=false dnd=off ringer=silent alarmVol=12/15 exact=true fsi=false notif=true
2026-09-26 03:09:18.899,ring_start,366898,saver_on,1790366958581,1790366958899,318,
2026-09-26 03:09:33.916,ring_stop,366898,saver_on,1790366958581,1790366973916,15335,timeout
2026-09-26 03:10:01.693,scheduled,367001,saver_on2,1790367061668,1790367001693,-59975,ringSec=15
2026-09-26 03:11:01.696,fired,367001,saver_on2,1790367061668,1790367061696,28,screen=off idle=false saver=true dozeExempt=false dnd=off ringer=silent alarmVol=12/15 exact=true fsi=true notif=true
2026-09-26 03:11:01.803,ring_start,367001,saver_on2,1790367061668,1790367061803,135,
2026-09-26 03:11:02.099,screen_shown,,,,1790367062099,,label=saver_on2 locked=true
2026-09-26 03:11:16.806,ring_stop,367001,saver_on2,1790367061668,1790367076806,15138,timeout
